{
    "amazon.com": {
        "ipv4_addresses": [
            "176.32.103.205",
            "205.251.242.103",
            "54.239.28.85"
        ],
        "rdns_names:": [
            "s3-console-us-standard.console.aws.amazon.com"
        ],
        "scan_time": 1615788175.0588193
    },
    "asee.org": {
        "ipv4_addresses": [
            "216.185.13.131"
        ],
        "rdns_names:": [
            "216-185-13-131.i95.net"
        ],
        "scan_time": 1615788197.6960497
    },
    "auditoryneuroscience.com": {
        "ipv4_addresses": [
            "144.214.26.111"
        ],
        "rdns_names:": [
            "twinkle.bms.cityu.edu.hk"
        ],
        "scan_time": 1615788197.018502
    },
    "clocktab.com": {
        "ipv4_addresses": [
            "104.21.35.119",
            "172.67.220.24"
        ],
        "rdns_names:": [],
        "scan_time": 1615788196.1083958
    },
    "en.wikipedia.org": {
        "ipv4_addresses": [
            "208.80.154.224",
            "91.198.174.192"
        ],
        "rdns_names:": [
            "text-lb.eqiad.wikimedia.org",
            "text-lb.esams.wikimedia.org"
        ],
        "scan_time": 1615788172.3591585
    },
    "facebook.com": {
        "ipv4_addresses": [
            "157.240.18.35",
            "69.171.250.35",
            "157.240.2.35",
            "31.13.72.36",
            "185.60.216.35",
            "157.240.11.35",
            "157.240.241.35"
        ],
        "rdns_names:": [
            "edge-star-mini-shv-02-ort2.facebook.com",
            "edge-star-mini-shv-01-any2.facebook.com",
            "edge-star-mini-shv-01-ort2.facebook.com",
            "edge-star-mini-shv-01-arn2.facebook.com",
            "edge-star-mini-shv-01-frx5.facebook.com",
            "edge-star-mini-shv-02-lax3.facebook.com",
            "edge-star-mini-shv-02-lga3.facebook.com"
        ],
        "scan_time": 1615788174.4128761
    },
    "fandom.com": {
        "ipv4_addresses": [
            "151.101.0.194",
            "151.101.64.194",
            "151.101.128.194",
            "151.101.192.194"
        ],
        "rdns_names:": [],
        "scan_time": 1615788177.457503
    },
    "gradeinflation.com": {
        "ipv4_addresses": [
            "66.70.176.24"
        ],
        "rdns_names:": [
            "ahs4.r4l.com"
        ],
        "scan_time": 1615788198.6396286
    },
    "illinois.edu": {
        "ipv4_addresses": [
            "192.17.172.3"
        ],
        "rdns_names:": [
            "tardis.techservices.illinois.edu"
        ],
        "scan_time": 1615788194.532883
    },
    "imdb.com": {
        "ipv4_addresses": [
            "52.94.225.248",
            "52.94.228.167",
            "52.94.237.74"
        ],
        "rdns_names:": [],
        "scan_time": 1615788176.901935
    },
    "instagram.com": {
        "ipv4_addresses": [
            "52.4.195.35",
            "52.73.249.1",
            "3.211.21.100",
            "3.221.198.91",
            "3.224.3.80",
            "3.228.78.219",
            "34.203.7.201",
            "52.2.150.28",
            "54.208.241.139",
            "34.203.140.217",
            "34.206.190.171",
            "54.158.120.136",
            "3.213.74.73",
            "34.205.204.155",
            "54.147.99.161",
            "52.0.6.2",
            "52.202.40.154",
            "52.6.114.101",
            "34.231.75.214",
            "54.174.227.162",
            "35.169.48.27",
            "3.229.13.24",
            "54.147.125.27",
            "52.73.195.174",
            "34.195.109.138",
            "3.219.122.233",
            "52.5.39.111",
            "3.226.67.47",
            "52.45.116.207",
            "52.2.187.236",
            "35.174.248.8",
            "52.204.82.6",
            "54.243.160.191",
            "34.192.223.130",
            "52.200.54.57",
            "3.219.67.68",
            "34.226.118.112",
            "52.1.230.205",
            "34.232.185.248",
            "3.211.143.145",
            "34.198.216.139",
            "52.73.165.14",
            "3.210.57.193",
            "52.207.170.164",
            "34.236.64.38",
            "3.224.36.18",
            "3.208.241.235",
            "54.210.152.179",
            "35.169.78.20",
            "34.233.57.208",
            "3.219.36.135",
            "3.211.75.78",
            "34.200.35.57",
            "3.212.211.9",
            "3.214.130.200",
            "34.231.10.103",
            "23.20.140.115",
            "52.1.56.59",
            "52.200.44.115",
            "3.214.253.183",
            "52.201.171.115",
            "3.217.69.239",
            "3.214.222.87",
            "35.173.3.158",
            "52.72.191.48",
            "35.172.167.44",
            "34.227.133.179",
            "54.147.115.251",
            "34.197.66.165",
            "54.210.186.221",
            "34.232.37.224",
            "52.45.57.150",
            "3.214.122.70",
            "34.228.93.200",
            "3.208.182.172",
            "34.196.54.210",
            "3.214.209.46",
            "54.174.202.172"
        ],