{
    "amazon.com": {
        "ipv4_addresses": [
            "205.251.242.103",
            "54.239.28.85",
            "176.32.103.205"
        ],
        "scan_time": 1615740172.4149432
    },
    "asee.org": {
        "ipv4_addresses": [
            "216.185.13.131"
        ],
        "scan_time": 1615740213.6378329
    },
    "auditoryneuroscience.com": {
        "ipv4_addresses": [
            "144.214.26.111"
        ],
        "scan_time": 1615740212.1462352
    },
    "clocktab.com": {
        "ipv4_addresses": [
            "104.21.35.119",
            "172.67.220.24"
        ],
        "scan_time": 1615740211.412671
    },
    "en.wikipedia.org": {
        "ipv4_addresses": [
            "208.80.154.224",
            "91.198.174.192"
        ],
        "scan_time": 1615740166.1783142
    },
    "facebook.com": {
        "ipv4_addresses": [
            "157.240.18.35",
            "69.171.250.35",
            "157.240.2.35"
        ],
        "scan_time": 1615740167.2638016
    },
    "fandom.com": {
        "ipv4_addresses": [
            "151.101.192.194",
            "151.101.0.194",
            "151.101.64.194",
            "151.101.128.194"
        ],
        "scan_time": 1615740183.9395404
    },
    "gradeinflation.com": {
        "ipv4_addresses": [
            "66.70.176.24"
        ],
        "scan_time": 1615740214.3375978
    },
    "illinois.edu": {
        "ipv4_addresses": [
            "192.17.172.3"
        ],
        "scan_time": 1615740209.9193192
    },
    "imdb.com": {
        "ipv4_addresses": [
            "52.94.237.74",
            "52.94.225.248",
            "52.94.228.167"
        ],
        "scan_time": 1615740178.8340347
    },
    "instagram.com": {
        "ipv4_addresses": [
            "54.156.178.64",
            "54.174.202.172",
            "54.235.179.196",
            "3.213.147.143",
            "3.221.198.91",
            "3.224.3.80",
            "3.225.109.3",
            "34.228.93.200",
            "52.206.69.45",
            "52.207.75.153",
            "54.208.155.193",
            "54.175.71.14",
            "3.215.47.155",
            "54.86.160.135",
            "3.210.178.0",
            "50.17.219.225",
            "52.2.187.236",
            "34.224.11.145",
            "52.45.116.207",
            "34.192.223.130",
            "35.175.60.255",
            "52.1.230.205",
            "3.226.96.24",
            "52.5.199.160",
            "54.85.101.47",
            "3.93.235.135",
            "54.158.120.136",
            "54.204.183.41",
            "54.205.171.78",
            "34.192.57.177",
            "54.174.38.34",
            "34.234.108.72",
            "52.72.191.48",
            "3.222.198.161",
            "35.173.167.253",
            "34.237.204.39",
            "54.159.214.57",
            "52.5.220.246",
            "54.82.164.248",
            "3.210.116.209",
            "34.236.64.38",
            "184.73.225.61",
            "35.168.171.252",
            "52.73.165.14",
            "3.211.75.78",
            "52.207.170.164",
            "3.92.105.183",
            "3.94.45.163",
            "34.232.37.224",
            "3.219.36.135",
            "52.4.134.145",
            "52.72.197.223",
            "3.212.19.37",
            "54.210.152.179",
            "54.197.167.243",
            "3.222.191.164",
            "54.205.161.210",
            "52.21.48.38",
            "3.208.4.201",
            "54.208.215.118",
            "54.165.128.247",
            "34.200.164.67",
            "34.202.223.81",
            "54.173.87.70",
            "52.205.64.86",
            "54.208.241.139",
            "54.225.149.138",
            "34.231.10.103",
            "54.208.82.196",
            "52.86.38.128",
            "3.219.67.68",
            "34.195.109.138",
            "54.224.32.249",
            "34.230.186.253",
            "3.219.122.233",
            "52.200.44.115",
            "34.204.159.148",
            "54.166.0.123",
            "54.147.125.27",
            "34.226.74.157",
            "3.214.189.127",
            "3.223.165.89"
        ],
        "scan_time": 1615740190.3642647
    },
    "it.eecs.northwestern.edu": {
        "ipv4_addresses": [
            "129.105.8.2"
        ],
        "scan_time": 1615740203.7559369
    },
    "kellogg.northwestern.edu": {
        "ipv4_addresses": [
            "165.124.147.150"
        ],
        "scan_time": 1615740197.8980927
    },
    "kli.org": {
        "ipv4_addresses": [
            "104.21.22.57",
            "172.67.202.249"
        ],
        "scan_time": 1615740225.7822607
    },
    "mccormick.northwestern.edu": {
        "ipv4_addresses": [
            "129.105.1.129"
        ],
        "scan_time": 1615740192.7047727
    },
    "northwestern.edu": {
        "ipv4_addresses": [
            "129.105.136.48"
        ],
        "scan_time": 1615740191.8224156
    },
    "pinterest.com": {
        "ipv4_addresses": [
            "151.101.64.84",
            "151.101.128.84",
            "151.101.192.84",
            "151.101.0.84"
        ],
        "scan_time": 1615740184.6042376
    },
    "pmichaud.com": {
        "ipv4_addresses": [
            "23.254.203.248"
        ],
        "scan_time": 1615740220.550591
    },
    "reddit.com": {
        "ipv4_addresses": [
            "151.101.129.140",
            "151.101.193.140",
            "151.101.1.140",
            "151.101.65.140"
        ],
        "scan_time": 1615740178.5644546
    },
    "spacejam.com": {
        "ipv4_addresses": [
            "75.2.104.223",
            "99.83.180.228"
        ],
        "scan_time": 1615740219.5673742
    },
    "stevetarzia.com": {
        "ipv4_addresses": [
            "54.245.121.172"
        ],
        "scan_time": 1615740210.7714844
    },
    "tripadvisor.com": {
        "ipv4_addresses": [
            "192.229.189.15",
            "192.229.162.112",
            "192.229.182.112"
        ],
        "scan_time": 1615740185.2438908
    },
    "twitter.com": {
        "ipv4_addresses": [
            "104.244.42.193",
            "104.244.42.1",
            "104.244.42.129",
            "104.244.42.65"
        ],
        "scan_time": 1615740166.7640224
    },
    "uchicago.edu": {
        "ipv4_addresses": [
            "34.200.129.209"
        ],
        "scan_time": 1615740204.7669685
    },
    "users.cs.northwestern.edu": {
        "ipv4_addresses": [
            "165.124.180.20"
        ],
        "scan_time": 1615740203.0458703
    },
    "walmart.com": {
        "ipv4_addresses": [
            "161.170.232.170",
            "161.170.230.170"
        ],
        "scan_time": 1615740190.8852122
    },
    "yelp.com": {
        "ipv4_addresses": [
            "199.232.4.116",
            "199.232.76.116",
            "151.101.68.116",
            "151.101.52.116",
            "199.232.64.116",
            "151.101.36.116",
            "199.232.8.116",
            "199.232.36.116"
        ],
        "scan_time": 1615740177.5200408
    },
    "youtube.com": {
        "ipv4_addresses": [
            "172.217.8.174",
            "172.217.8.206",
            "172.217.9.78",
            "172.217.9.46",
            "172.217.11.46",
            "216.58.207.206",
            "216.58.192.238",
            "64.233.165.190",
            "64.233.165.93",
            "64.233.165.136",
            "64.233.165.91",
            "172.217.7.14",
            "172.217.8.14"
        ],
        "scan_time": 1615740165.6445105
    }
}