{
    "amazon.com": {
        "ipv4_addresses": [
            "205.251.242.103",
            "54.239.28.85",
            "176.32.103.205"
        ],
        "rtt_range": [
            null,
            null
        ]
    },
    "asee.org": {
        "ipv4_addresses": [
            "216.185.13.131"
        ],
        "rtt_range": [
            0.029201507568359375,
            0.029201507568359375
        ]
    },
    "auditoryneuroscience.com": {
        "ipv4_addresses": [
            "144.214.26.111"
        ],
        "rtt_range": [
            0.18716692924499512,
            0.18716692924499512
        ]
    },
    "clocktab.com": {
        "ipv4_addresses": [
            "104.21.35.119",
            "172.67.220.24"
        ],
        "rtt_range": [
            0.01329803466796875,
            0.013330936431884766
        ]
    },
    "en.wikipedia.org": {
        "ipv4_addresses": [
            "208.80.154.224",
            "91.198.174.192"
        ],
        "rtt_range": [
            0.022119522094726562,
            0.09376358985900879
        ]
    },
    "facebook.com": {
        "ipv4_addresses": [
            "157.240.18.35",
            "69.171.250.35",
            "31.13.72.36",
            "185.60.216.35",
            "157.240.11.35",
            "157.240.241.35"
        ],
        "rtt_range": [
            0.0012772083282470703,
            0.1223592758178711
        ]
    },
    "fandom.com": {
        "ipv4_addresses": [
            "151.101.64.194",
            "151.101.128.194",
            "151.101.192.194",
            "151.101.0.194"
        ],
        "rtt_range": [
            0.001138925552368164,
            0.0011951923370361328
        ]
    },
    "gradeinflation.com": {
        "ipv4_addresses": [
            "66.70.176.24"
        ],
        "rtt_range": [
            0.018576622009277344,
            0.018576622009277344
        ]
    },
    "illinois.edu": {
        "ipv4_addresses": [
            "192.17.172.3"
        ],
        "rtt_range": [
            0.004564762115478516,
            0.004564762115478516
        ]
    },
    "imdb.com": {
        "ipv4_addresses": [
            "52.94.225.248",
            "52.94.228.167",
            "52.94.237.74"
        ],
        "rtt_range": [
            0.02345895767211914,
            0.02397775650024414
        ]
    },
    "instagram.com": {
        "ipv4_addresses": [
            "3.214.189.127",
            "52.21.48.38",
            "52.206.69.45",
            "54.86.160.135",
            "54.174.36.241",
            "54.175.71.14",
            "3.210.79.117",
            "3.210.218.45",
            "52.4.77.69",
            "34.237.204.39",
            "3.217.69.239",
            "34.201.211.27",
            "52.5.220.246",
            "52.2.14.71",
            "3.222.198.161",
            "34.197.66.165",
            "54.156.178.64",
            "3.82.164.112",
            "54.82.122.213",
            "3.85.199.59",
            "34.235.36.14",
            "3.228.78.219",
            "3.211.190.38",
            "3.208.182.172",
            "54.208.82.196",
            "3.214.130.200",
            "34.206.190.171",
            "3.229.13.24",
            "34.234.108.72",
            "3.93.235.135",
            "3.214.36.244",
            "54.175.88.177",
            "3.215.47.155",
            "52.87.69.127",
            "54.165.128.247",
            "3.208.131.236",
            "52.207.75.153",
            "35.172.187.47",
            "52.73.226.86",
            "18.214.241.0",
            "34.232.37.224",
            "3.94.45.163",
            "3.224.36.18",
            "3.212.129.45",
            "3.208.241.235",
            "3.211.75.78",
            "52.45.116.207",
            "3.211.143.145",
            "52.5.199.160",
            "34.232.185.248",
            "35.175.60.255",
            "34.230.186.253",
            "54.243.160.191",
            "34.226.118.112",
            "3.208.146.3",
            "3.218.166.66",
            "3.217.178.33",
            "3.219.122.233",
            "35.174.248.8",
            "34.195.109.138",
            "52.1.230.205",
            "34.224.11.145",
            "52.207.20.171",
            "54.81.80.189",
            "52.2.187.236",
            "3.219.67.68",
            "34.192.223.130",
            "52.200.201.185",
            "52.71.223.34",
            "52.72.77.194",
            "3.209.208.143",
            "52.2.150.28",
            "34.203.7.201",
            "52.207.22.69",
            "52.1.238.189",
            "54.145.49.123",
            "34.194.214.63",
            "3.226.5.232",
            "52.2.174.147",
            "3.230.53.225",
            "3.209.27.36",
            "54.204.183.41",
            "3.213.18.183",
            "54.174.38.34",
            "52.6.114.101",
            "52.22.234.113",
            "54.147.99.161",
            "54.161.197.43"
        ],
        "rtt_range": [
            0.023388385772705078,
            0.024207115173339844
        ]
    },
    "it.eecs.northwestern.edu": {
        "ipv4_addresses": [
            "129.105.8.2"
        ],
        "rtt_range": [
            0.00045108795166015625,
            0.00045108795166015625
        ]
    },
    "kellogg.northwestern.edu": {
        "ipv4_addresses": [
            "165.124.147.150"
        ],
        "rtt_range": [
            0.0003209114074707031,
            0.0003209114074707031
        ]
    },
    "kli.org": {
        "ipv4_addresses": [
            "104.21.22.57",
            "172.67.202.249"
        ],
        "rtt_range": [
            0.012021541595458984,
            0.013433456420898438
        ]
    },
    "mccormick.northwestern.edu": {
        "ipv4_addresses": [
            "129.105.1.129"
        ],
        "rtt_range": [
            0.00033545494079589844,
            0.00033545494079589844
        ]
    },
    "northwestern.edu": {
        "ipv4_addresses": [
            "129.105.136.48"
        ],
        "rtt_range": [
            0.001148223876953125,
            0.001148223876953125
        ]
    },
    "pinterest.com": {
        "ipv4_addresses": [
            "151.101.0.84",
            "151.101.64.84",
            "151.101.128.84",
            "151.101.192.84"
        ],
        "rtt_range": [
            0.001116037368774414,
            0.0012018680572509766
        ]
    },
    "pmichaud.com": {
        "ipv4_addresses": [
            "23.254.203.248"
        ],
        "rtt_range": [
            0.028711318969726562,
            0.028711318969726562
        ]
    },
    "reddit.com": {
        "ipv4_addresses": [
            "151.101.65.140",
            "151.101.129.140",
            "151.101.193.140",
            "151.101.1.140"
        ],
        "rtt_range": [
            0.001157522201538086,
            0.0012049674987792969
        ]
    },
    "spacejam.com": {
        "ipv4_addresses": [
            "75.2.104.223",
            "99.83.180.228"
        ],
        "rtt_range": [
            0.0011892318725585938,
            0.0012900829315185547
        ]
    },
    "stevetarzia.com": {
        "ipv4_addresses": [
            "54.245.121.172"
        ],
        "rtt_range": [
            0.05015444755554199,
            0.05015444755554199
        ]
    },
    "tripadvisor.com": {
        "ipv4_addresses": [
            "192.229.182.112",
            "192.229.189.15",
            "192.229.162.112"
        ],
        "rtt_range": [
            0.0012898445129394531,
            0.1872391700744629
        ]
    },
    "twitter.com": {
        "ipv4_addresses": [
            "104.244.42.65",
            "104.244.42.1",
            "104.244.42.193",
            "104.244.42.129"
        ],
        "rtt_range": [
            0.02031874656677246,
            0.020390987396240234
        ]
    },
    "uchicago.edu": {
        "ipv4_addresses": [
            "34.200.129.209"
        ],