{
    "amazon.com": {
        "ipv4_addresses": [
            "205.251.242.103",
            "54.239.28.85",
            "176.32.103.205"
        ],
        "ipv6_addresses": [],
        "scan_time": 1615740758.958216
    },
    "asee.org": {
        "ipv4_addresses": [
            "216.185.13.131"
        ],
        "ipv6_addresses": [],
        "scan_time": 1615740860.1003413
    },
    "auditoryneuroscience.com": {
        "ipv4_addresses": [
            "144.214.26.111"
        ],
        "ipv6_addresses": [],
        "scan_time": 1615740853.0544353
    },
    "clocktab.com": {
        "ipv4_addresses": [
            "104.21.35.119",
            "172.67.220.24"
        ],
        "ipv6_addresses": [
            "2606:4700:3036::ac43:dc18",
            "2606:4700:3030::6815:2377"
        ],
        "scan_time": 1615740851.0329697
    },
    "en.wikipedia.org": {
        "ipv4_addresses": [
            "208.80.154.224",
            "208.80.153.224"
        ],
        "ipv6_addresses": [
            "2620:0:861:ed1a::1",
            "2620:0:862:ed1a::1"
        ],
        "scan_time": 1615740732.5992362
    },
    "facebook.com": {
        "ipv4_addresses": [
            "157.240.18.35",
            "69.171.250.35",
            "157.240.2.35"
        ],
        "ipv6_addresses": [
            "2a03:2880:f127:283:face:b00c:0:25de",
            "2a03:2880:f1ff:83:face:b00c:0:25de",
            "2a03:2880:f127:83:face:b00c:0:25de"
        ],
        "scan_time": 1615740748.704148
    },
    "fandom.com": {
        "ipv4_addresses": [
            "151.101.128.194",
            "151.101.192.194",
            "151.101.0.194",
            "151.101.64.194"
        ],
        "ipv6_addresses": [],
        "scan_time": 1615740782.1390603
    },
    "gradeinflation.com": {
        "ipv4_addresses": [
            "66.70.176.24"
        ],
        "ipv6_addresses": [],
        "scan_time": 1615740867.5068073
    },
    "illinois.edu": {
        "ipv4_addresses": [
            "192.17.172.3"
        ],
        "ipv6_addresses": [],
        "scan_time": 1615740833.9039636
    },
    "imdb.com": {
        "ipv4_addresses": [
            "52.94.225.248",
            "52.94.228.167",
            "52.94.237.74"
        ],
        "ipv6_addresses": [],
        "scan_time": 1615740776.377931
    },
    "instagram.com": {
        "ipv4_addresses": [
            "100.24.104.142",
            "3.224.133.228",
            "34.200.35.57",
            "34.233.57.208",
            "35.171.109.191",
            "52.72.197.223",
            "54.162.8.129",
            "54.210.186.221",
            "35.175.60.255",
            "34.230.186.253",
            "52.5.199.160",
            "35.175.74.93",
            "52.21.176.107",
            "54.85.7.239",
            "54.81.80.189",
            "34.226.118.112",
            "54.88.101.128",
            "54.86.160.135",
            "3.210.218.45",
            "54.210.252.14",
            "3.223.165.89",
            "50.17.219.225",
            "3.213.18.164",
            "54.205.161.210",
            "3.222.198.161",
            "34.197.66.165",
            "34.206.159.43",
            "3.209.60.185",
            "52.23.131.79",
            "52.4.77.69",
            "35.172.167.44",
            "54.145.49.123",
            "3.219.38.54",
            "3.211.190.38",
            "3.211.21.100",
            "52.0.212.144",
            "54.85.141.180",
            "52.207.53.56",
            "34.196.54.210",
            "54.82.122.213",
            "34.226.174.41",
            "52.206.69.45",
            "3.210.79.117",
            "3.211.123.255",
            "35.172.124.40",
            "52.207.75.153",
            "54.157.88.207",
            "35.169.78.20",
            "3.220.83.93",
            "52.73.226.86",
            "3.94.45.163",
            "34.232.37.224",
            "3.210.196.55",
            "35.168.171.252",
            "3.226.96.24",
            "3.210.43.211",
            "35.153.11.244",
            "34.192.223.130",
            "52.1.230.205",
            "3.208.146.3",
            "3.217.178.33",
            "54.175.71.14",
            "3.220.120.202",
            "52.21.48.38",
            "3.222.191.164",
            "52.87.69.127",
            "35.172.187.47",
            "54.208.155.193",
            "3.208.4.201",
            "54.197.167.243",
            "3.215.210.217"
        ],
        "ipv6_addresses": [
            "2406:da00:ff00::3405:5a90",
            "2406:da00:ff00::369d:58cf",
            "2406:da00:ff00::3d0:f1eb",
            "2406:da00:ff00::3d2:c437",
            "2406:da00:ff00::3d4:812d",
            "2406:da00:ff00::12d6:f100",
            "2406:da00:ff00::23ab:6dbf",
            "2406:da00:ff00::3404:8691",
            "2406:da00:ff00::3dc:78ca",
            "2406:da00:ff00::3211:dbe1",
            "2406:da00:ff00::34cf:4b99",
            "2406:da00:ff00::3d7:2f9b",
            "2406:da00:ff00::23ac:7c28",
            "2406:da00:ff00::34ce:452d",
            "2406:da00:ff00::36cd:a1d2",
            "2406:da00:ff00::36d0:9bc1",
            "2406:da00:ff00::23ac:2fc8",
            "2406:da00:ff00::369d:b77d",
            "2406:da00:ff00::36d0:546c",
            "2406:da00:ff00::36ad:5746",
            "2406:da00:ff00::342c:aabe",
            "2406:da00:ff00::36ad:ed31",
            "2406:da00:ff00::22e1:f5aa",
            "2406:da00:ff00::22ca:161b",
            "2406:da00:ff00::22c9:d31b",
            "2406:da00:ff00::22c8:4c65",
            "2406:da00:ff00::6b15:c53d",
            "2406:da00:ff00::3448:bf30",
            "2406:da00:ff00::3401:6df8",
            "2406:da00:ff00::3de:c6a1",
            "2406:da00:ff00::3401:1215",
            "2406:da00:ff00::3e6:35e1",
            "2406:da00:ff00::3693:73fb",
            "2406:da00:ff00::3e0:d91a",
            "2406:da00:ff00::3405:dcf6",
            "2406:da00:ff00::3402:e47",
            "2406:da00:ff00::3db:5a98",
            "2406:da00:ff00::3d3:4b4e",
            "2406:da00:ff00::3e3:346f",
            "2406:da00:ff00::22ce:21ca",
            "2406:da00:ff00::6418:688e",
            "2406:da00:ff00::3dc:535d",
            "2406:da00:ff00::3d6:7a46",
            "2406:da00:ff00::35c:69b7",
            "2406:da00:ff00::1715:f372",
            "2406:da00:ff00::35e:2da3",
            "2406:da00:ff00::3405:6c76",
            "2406:da00:ff00::3db:2487",
            "2406:da00:ff00::3416:ea71",
            "2406:da00:ff00::3d5:12b7",
            "2406:da00:ff00::3402:6bf",
            "2406:da00:ff00::22cc:9f94",
            "2406:da00:ff00::36af:58b1",
            "2406:da00:ff00::12e8:2e3c",
            "2406:da00:ff00::3657:c2e0",
            "2406:da00:ff00::3d4:1325",
            "2406:da00:ff00::22e7:3521",
            "2406:da00:ff00::22e8:25e0",
            "2406:da00:ff00::369c:b240",
            "2406:da00:ff00::3df:d8d0",
            "2406:da00:ff00::3655:8db4",
            "2406:da00:ff00::3652:7ad5",
            "2406:da00:ff00::36c5:a4d5",
            "2406:da00:ff00::36ae:caac",
            "2406:da00:ff00::36ea:4371",
            "2406:da00:ff00::3e1:6d03",
            "2406:da00:ff00::36ae:24f1",
            "2406:da00:ff00::22e2:ae29",
            "2406:da00:ff00::3658:6580",
            "2406:da00:ff00::23ac:bb2f",
            "2406:da00:ff00::3656:a087",
            "2406:da00:ff00::3417:834f",
            "2406:da00:ff00::22c5:42a5",
            "2406:da00:ff00::12cd:86ed",
            "2406:da00:ff00::3447:4a6b",
            "2406:da00:ff00::3404:4d45",
            "2406:da00:ff00::22e3:85b3"
        ],
        "scan_time": 1615740799.2828999
    },
    "it.eecs.northwestern.edu": {
        "ipv4_addresses": [
            "129.105.8.2"
        ],
        "ipv6_addresses": [],
        "scan_time": 1615740821.1733003
    },
    "kellogg.northwestern.edu": {
        "ipv4_addresses": [
            "165.124.147.150"
        ],
        "ipv6_addresses": [],
        "scan_time": 1615740813.440569
    },