{
    "amazon.com": {
        "geo_locations": [
            [
                "Ashburn",
                "Virginia",
                "United States"
            ]
        ],
        "ipv4_addresses": [
            "54.239.28.85",
            "176.32.103.205",
            "205.251.242.103"
        ],
        "scan_time": 1615791425.744491
    },
    "asee.org": {
        "geo_locations": [
            [
                "United States"
            ]
        ],
        "ipv4_addresses": [
            "216.185.13.131"
        ],
        "scan_time": 1615791450.6695578
    },
    "auditoryneuroscience.com": {
        "geo_locations": [
            [
                "Central",
                "Central and Western District",
                "Hong Kong"
            ]
        ],
        "ipv4_addresses": [
            "144.214.26.111"
        ],
        "scan_time": 1615791449.6135714
    },
    "clocktab.com": {
        "geo_locations": [
            [
                "United States"
            ]
        ],
        "ipv4_addresses": [
            "104.21.35.119",
            "172.67.220.24"
        ],
        "scan_time": 1615791448.7116058
    },
    "en.wikipedia.org": {
        "geo_locations": [
            [
                "United States"
            ],
            [
                "Netherlands"
            ]
        ],
        "ipv4_addresses": [
            "208.80.154.224",
            "91.198.174.192"
        ],
        "scan_time": 1615791419.25651
    },
    "facebook.com": {
        "geo_locations": [
            [
                "United States"
            ]
        ],
        "ipv4_addresses": [
            "157.240.18.35",
            "69.171.250.35",
            "157.240.2.35"
        ],
        "scan_time": 1615791420.5945368
    },
    "fandom.com": {
        "geo_locations": [
            [
                "United States"
            ]
        ],
        "ipv4_addresses": [
            "151.101.192.194",
            "151.101.0.194",
            "151.101.64.194",
            "151.101.128.194"
        ],
        "scan_time": 1615791433.1545618
    },
    "gradeinflation.com": {
        "geo_locations": [
            [
                "Beauharnois",
                "Quebec",
                "Canada"
            ]
        ],
        "ipv4_addresses": [
            "66.70.176.24"
        ],
        "scan_time": 1615791455.8838196
    },
    "illinois.edu": {
        "geo_locations": [
            [
                "Urbana",
                "Illinois",
                "United States"
            ]
        ],
        "ipv4_addresses": [
            "192.17.172.3"
        ],
        "scan_time": 1615791446.7843988
    },
    "imdb.com": {
        "geo_locations": [
            [
                "Ashburn",
                "Virginia",
                "United States"
            ]
        ],
        "ipv4_addresses": [
            "52.94.225.248",
            "52.94.228.167",
            "52.94.237.74"
        ],
        "scan_time": 1615791428.0163887
    },
    "instagram.com": {
        "geo_locations": [
            [
                "United States"
            ],
            [
                "Ashburn",
                "Virginia",
                "United States"
            ],
            [
                "Miami",
                "Florida",
                "United States"
            ],
            [
                "Ridley Park",
                "Pennsylvania",
                "United States"
            ],
            [
                "Hollywood",
                "Florida",
                "United States"
            ]
        ],
        "ipv4_addresses": [
            "3.208.241.235",
            "3.219.36.135",
            "3.227.52.111",
            "35.169.78.20",
            "35.171.109.191",
            "52.5.90.144",
            "52.207.170.164",
            "184.73.225.61",
            "54.235.179.196",
            "3.85.199.59",
            "54.164.228.228",
            "54.85.141.180",
            "3.214.209.46",
            "52.73.249.1",
            "52.6.226.201",
            "54.164.227.88",
            "34.239.39.134",
            "54.234.67.113",
            "3.228.78.219",
            "3.225.243.236",
            "34.239.89.209",
            "52.72.77.194",
            "3.224.3.80",
            "3.210.57.193",
            "34.233.57.208",
            "23.21.243.114",
            "3.212.211.9",
            "3.210.196.55",
            "54.174.36.241",
            "3.208.4.201",
            "3.223.165.89",
            "52.206.69.45",
            "3.222.191.164",
            "54.88.101.128",
            "3.210.79.117",
            "54.197.167.243",
            "3.208.131.236",
            "3.210.218.45",
            "54.175.71.14",
            "3.214.189.127",
            "3.220.120.202",
            "54.174.202.172",
            "54.197.164.213",
            "34.203.7.201",
            "52.71.223.34",
            "3.223.216.208",
            "54.82.122.213",
            "3.233.160.166",
            "54.210.133.45",
            "54.156.178.64",
            "3.213.147.143",
            "34.228.93.200",
            "52.204.82.6",
            "3.208.146.3",
            "3.226.96.24",
            "52.5.39.111",
            "54.85.7.239",
            "52.45.116.207",
            "35.174.248.8",
            "3.217.178.33",
            "52.87.69.127",
            "34.226.174.41",
            "54.210.252.14",
            "54.208.215.118",
            "184.72.136.14",
            "52.21.48.38",
            "50.17.219.225",
            "3.215.47.155",
            "3.213.18.164",
            "3.215.210.217",
            "3.211.123.255"
        ],
        "scan_time": 1615791439.670041
    },
    "it.eecs.northwestern.edu": {
        "geo_locations": [
            [
                "Chicago",
                "Illinois",
                "United States"
            ]
        ],
        "ipv4_addresses": [
            "129.105.8.2"
        ],
        "scan_time": 1615791444.9477417
    },
    "kellogg.northwestern.edu": {
        "geo_locations": [
            [
                "United States"
            ]
        ],
        "ipv4_addresses": [
            "165.124.147.150"
        ],
        "scan_time": 1615791443.3314364
    },
    "kli.org": {
        "geo_locations": [
            [
                "United States"
            ]
        ],
        "ipv4_addresses": [
            "104.21.22.57",
            "172.67.202.249"
        ],
        "scan_time": 1615791463.1559155
    },
    "mccormick.northwestern.edu": {
        "geo_locations": [
            [
                "Chicago",
                "Illinois",
                "United States"
            ]
        ],
        "ipv4_addresses": [
            "129.105.1.129"
        ],
        "scan_time": 1615791442.2760363
    },
    "northwestern.edu": {
        "geo_locations": [
            [
                "United States"
            ]
        ],
        "ipv4_addresses": [
            "129.105.136.48"
        ],
        "scan_time": 1615791441.1513815
    },
    "pinterest.com": {
        "geo_locations": [
            [
                "United States"
            ]
        ],
        "ipv4_addresses": [
            "151.101.64.84",
            "151.101.128.84",
            "151.101.192.84",
            "151.101.0.84"
        ],
        "scan_time": 1615791433.7986214
    },
    "pmichaud.com": {
        "geo_locations": [
            [
                "United States"
            ]
        ],
        "ipv4_addresses": [
            "23.254.203.248"
        ],
        "scan_time": 1615791462.237865
    },
    "reddit.com": {
        "geo_locations": [
            [
                "United States"
            ]
        ],
        "ipv4_addresses": [
            "151.101.193.140",
            "151.101.1.140",
            "151.101.65.140",
            "151.101.129.140"
        ],
        "scan_time": 1615791427.4282284
    },